name,source,gender,wikidata,type
Blanchardstraße,wikidata,+,Q366649;Q241755,way
Edingerweg,wikidata,+,Q56435227;Q66524,way
Amelia-Mary-Earhart-Straße,wikidata,F,Q3355,way
Angelika-Machinek-Straße,wikidata,F,Q123696,way
Anna-Beyer-Straße,wikidata,F,Q559741,way
Anna-Lindh-Allee,wikidata,F,Q208591,way
Anna-Seghers-Pfad,wikidata,F,Q57393,way
Anne-Frank-Straße,wikidata,F,Q4583,way
Anneliese-Hoevel-Straße,wikidata,F,Q28465135,way
Annette-Kolb-Weg,wikidata,F,Q71112,way
Bertha-Bagge-Straße,wikidata,F,Q827689,way
Bertha-von-Suttner-Ring,wikidata,F,Q18456,way
Bessie-Coleman-Straße,wikidata,F,Q254376,way
Bettinaplatz,wikidata,F,Q57236,way
Bettinastraße,wikidata,F,Q57236,way
Boseweg,wikidata,F,Q5177066,way
Buber-Neumann-Weg,wikidata,F,Q77490,way
Christiane-Vulpius-Straße,wikidata,F,Q66746,way
Clara-Schumann-Weg,wikidata,F,Q132232,way
Edith-Stein-Weg,wikidata,F,Q76749,way
Eleonore-Sterling-Straße,wikidata,F,Q1328095,way
Elisabeth-Schwarzhaupt-Anlage,wikidata,F,Q65397,way
Elisabeth-Selbert-Platz,wikidata,F,Q75976,way
Elisabeth-Winterhalter-Straße,wikidata,F,Q1330382,way
Elisabethenplatz,wikidata,F,Q159862,way
Elisabethenstraße,wikidata,F,Q159862,way
Ella-Bergmann-Michel-Straße,wikidata,F,Q536309,way
Elly-Beinhorn-Straße,wikidata,F,Q63643,way
Elly-Heuss-Knapp-Straße,wikidata,F,Q78010,way
Elsa-Brändström-Platz,wikidata,F,Q469673,way
Else-Alken-Straße,wikidata,F,Q16831207,way
Else-Epstein-Weg,wikidata,F,Q1895817,way
Erna-Pinner-Straße,wikidata,F,Q1356105,way
Franziska-Kessel-Straße,wikidata,F,Q1389045,way
Frida-Amram-Weg,wikidata,F,Q61178,way
Gisèle-Freund-Platz,wikidata,F,Q64354,way
Gräfin-Dönhoff-Straße,wikidata,F,Q62443,way
Günderrodestraße,wikidata,F,Q62053,way
Hannah-Arendt-Straße,wikidata,F,Q60025,way
Hedwig-Dransfeld-Straße,wikidata,F,Q121245,way
Helene-Adler-Weg,wikidata,F,Q968739,way
Helene-Lange-Straße,wikidata,F,Q75209,way
Henriette-Fürth-Straße,wikidata,F,Q1606160,way
Hildegard-von-Bingen-Weg,wikidata,F,Q70991,way
Ilse-Bing-Straße,wikidata,F,Q85719,way
Jean-Gardner-Batten-Straße,wikidata,F,Q53541,way
Jenny-Apolant-Weg,wikidata,F,Q1687019,way
Johanna-Kirchner-Straße,wikidata,F,Q87358,way
Johanna-Melber-Weg,wikidata,F,Q1696981,way
Johanna-Spyri-Weg,wikidata,F,Q123053,way
Johanna-Tesch-Platz,wikidata,F,Q1697015,way
Katharina-Staritz-Straße,wikidata,F,Q1280232,way
Katharinenpforte,wikidata,F,Q179718,way
Käthchen-Paulus-Straße,wikidata,F,Q125288,way
Käthe-Kruse-Straße,wikidata,F,Q77804,way
Klarastraße,wikidata,F,Q94744810,way
Klettenbergstraße,wikidata,F,Q31267,way
Kollwitzstraße,wikidata,F,Q142472,way
Liebfrauenberg,wikidata,F,Q345,relation+way
Liebfrauenstraße,wikidata,F,Q345,way
Liesel-Christ-Anlage,wikidata,F,Q1145855,way
Lili-Schönemann-Steige,wikidata,F,Q96902,way
Lise-Meitner-Straße,wikidata,F,Q56189,way
Lucy-Hillebrand-Straße,wikidata,F,Q112007,way
Luisenplatz,wikidata,F,Q1285796,way
Luisenstraße,wikidata,F,Q1285796,way
Magda-Spiegel-Weg,wikidata,F,Q88141,way
Margarete-Steiff-Straße,wikidata,F,Q69306,way
Margarete-Susman-Weg,wikidata,F,Q214911,way
Marianne-Beuchert-Platz,wikidata,F,Q107041,way
Mariannenstraße,wikidata,F,Q75803,way
Marie-Curie-Straße,wikidata,F,Q7186,way
Marie-Luise-Kaschnitz-Straße,wikidata,F,Q62365,way
Marienstraße,wikidata,F,Q85086966,way
Mathildenplatz,wikidata,F,Q97743,way
Mathildenstraße,wikidata,F,Q97743,way
Melli-Beese-Straße,wikidata,F,Q97003,way
Odina-Bott-Platz,wikidata,F,Q95673747,way
Ottilie-Wildermuth-Weg,wikidata,F,Q69311,way
Ricarda-Huch-Straße,wikidata,F,Q60785,way
Rita-Maiburg-Straße,wikidata,F,Q2154926,way
Rosa-Luxemburg-Straße,wikidata,F,Q7231,way
Rosa-Marx-Weg,wikidata,F,Q105367403,way
Ruth-Moufang-Straße,wikidata,F,Q91649,way
Selma-Lagerlöf-Straße,wikidata,F,Q44519,way
Sophie-von-La-Roche-Weg,wikidata,F,Q62404,way
Sophienstraße,wikidata,F,Q70840,way
Thea-Rasche-Straße,wikidata,F,Q102453,way
Tilly-Edinger-Platz,wikidata,F,Q86614,way
Toni-Sender-Straße,wikidata,F,Q1658326,way
Walburga-Zizka-Weg,wikidata,F,Q24040251,way
Wilhelmine-Reichard-Weg,wikidata,F,Q87410,way
Willemerstraße,wikidata,F,Q75803,way
Achenbachstraße,wikidata,M,Q76416,way
Ackermannstraße,wikidata,M,Q118512,way
Adalbert-Stifter-Straße,wikidata,M,Q168542,way
Adalbertstraße,wikidata,M,Q347385,way
Adam-Leis-Straße,wikidata,M,Q23060079,way
Adam-Opel-Straße,wikidata,M,Q57479,way
Adam-Riese-Platz,wikidata,M,Q61740,way
Adam-Riese-Straße,wikidata,M,Q61740,way
Adickesallee,wikidata,M,Q1445962,way
Adolf-Haeuser-Straße,wikidata,M,Q362001,way
Adolf-Leweke-Straße,wikidata,M,Q363145,way
Adolf-Meyer-Straße,wikidata,M,Q62629,way
Adolf-Reichwein-Straße,wikidata,M,Q78422,way
Adolfstraße,wikidata,M,Q57302,way
Albert-Einstein-Straße,wikidata,M,Q937,way
Albert-Linel-Straße,wikidata,M,Q72060079,way
Albert-Schweitzer-Straße,wikidata,M,Q49325,way
Alexander-Riese-Weg,wikidata,M,Q95755,way
Alexanderstraße,wikidata,M,Q8409,way
Alfred-Brehm-Platz,wikidata,M,Q155112,relation+way
Alfred-Delp-Straße,wikidata,M,Q61305,way
Alfred-Wegener-Straße,wikidata,M,Q76323,way
Amperestraße,wikidata,M,Q675,way
"An der Goetheruh",wikidata,M,Q5879,way
Andersenweg,wikidata,M,Q5673,way
Antoninusstraße,wikidata,M,Q1429,way
Anzengruberstraße,wikidata,M,Q93718,way
Arndtstraße,wikidata,M,Q57351,way
Arthur-von-Weinberg-Steg,wikidata,M,Q712254,way
Arthur-von-Weinberg-Straße,wikidata,M,Q712254,way
Auerstraße,wikidata,M,Q89390,way
Auerswaldstraße,wikidata,M,Q86433,way
August-Bebel-Straße,wikidata,M,Q76520,way
Augustusstraße,wikidata,M,Q1405,way
Baeyerstraße,wikidata,M,Q57078,way
Balduinstraße,wikidata,M,Q152347,way
Barbarossastraße,wikidata,M,Q79789,way
Bartholomäusgasse,wikidata,M,Q43982,way
Battonnstraße,wikidata,M,Q1693774,way
Beethovenplatz,wikidata,M,Q255,way
Beethovenstraße,wikidata,M,Q255,way
Ben-Gurion-Ring,wikidata,M,Q37610,way
Bernadottestraße,wikidata,M,Q212163,way
Bernhard-Grzimek-Allee,wikidata,M,Q65906,way
Bernhard-Hermkes-Straße,wikidata,M,Q825228,way
Bernhard-Mannfeld-Weg,wikidata,M,Q825596,way
Bert-Brecht-Straße,wikidata,M,Q38757,way
Beselerstraße,wikidata,M,Q72678,way
Bessemerstraße,wikidata,M,Q310201,way
Bethmann-Hollweg-Straße,wikidata,M,Q95736,way
Bindingstraße,wikidata,M,Q19825012,way
Böcklinstraße,wikidata,M,Q123071,way
Bodelschwinghstraße,wikidata,M,Q87306,way
Bodenstedtstraße,wikidata,M,Q77645,way
Böhmerstraße,wikidata,M,Q71334,way
Börneplatz,wikidata,M,Q213595,relation+way
Borsigallee,wikidata,M,Q65271,way
Böttgerstraße,wikidata,M,Q89185,way
Brahmsstraße,wikidata,M,Q7294,way
Briandring,wikidata,M,Q179888,way
Brönnerstraße,wikidata,M,Q55843522,way
Brüningstraße,wikidata,M,Q364721,way
Bruno-Asch-Anlage,wikidata,M,Q992982,relation
Burnitzstraße,wikidata,M,Q2172895,way
Camillo-Sitte-Weg,wikidata,M,Q93987,way
Carl-Benz-Straße,wikidata,M,Q40224,way
Carl-Goerdeler-Straße,wikidata,M,Q57430,way
Carl-Heicke-Weg,wikidata,M,Q72060024,way
Carl-Hermann-Rudloff-Allee,wikidata,M,Q15791002,way
Carl-Sonnenschein-Straße,wikidata,M,Q107712,way
Carl-Theodor-Reiffenstein-Platz,wikidata,M,Q1040802,way
Carl-Ulrich-Brücke,wikidata,M,Q99431,way
Carl-Zeiss-Straße,wikidata,M,Q76833,way
Carl-von-Noorden-Platz,wikidata,M,Q85370,way
Carl-von-Weinberg-Straße,wikidata,M,Q1041465,way
Carlo-Schmid-Platz,wikidata,M,Q67511,way
Cäsar-von-Hofacker-Straße,wikidata,M,Q70703,way
Celsiusplatz,wikidata,M,Q81130,way
Cézanneweg,wikidata,M,Q35548,way
Chamissostraße,wikidata,M,Q154782,way
Chlodwig-Poth-Anlage,wikidata,M,Q1075165,way
Cohausenstraße,wikidata,M,Q1730391,way
Cretzschmarstraße,wikidata,M,Q215564,way
Dahlmannstraße,wikidata,M,Q76589,way
Daimlerstraße,wikidata,M,Q57098,way
Dalbergstraße,wikidata,M,Q61353,way
Damaschkeanger,wikidata,M,Q89439,way
Danneckerstraße,wikidata,M,Q382900,way
Dantestraße,wikidata,M,Q1067,way
David-Stempel-Straße,wikidata,M,Q28070906,way
De-Saint-Exupéry-Straße,wikidata,M,Q2908,way
Denisweg,wikidata,M,Q2059114,way
Dielmannstraße,wikidata,M,Q1679047,way
Dieselstraße,wikidata,M,Q12674,way
Diesterwegplatz,wikidata,M,Q77434,relation+way
Diesterwegstraße,wikidata,M,Q77434,way
Dietrich-Bonhoeffer-Weg,wikidata,M,Q76326,way
Domitianstraße,wikidata,M,Q1423,way
Droysenstraße,wikidata,M,Q60217,way
Dufourstraße,wikidata,M,Q123238,way
Duisbergstraße,wikidata,M,Q72175,way
Dunantring,wikidata,M,Q12091,way
Dunckerstraße,wikidata,M,Q90249,way
Dürerstraße,wikidata,M,Q5580,way
Eberstadtstraße,wikidata,M,Q103555,way
Edisonstraße,wikidata,M,Q8743,way
Edmund-Rumpler-Straße,wikidata,M,Q84530,way
Eduard-Bernstein-Weg,wikidata,M,Q75786,way
Eduard-Rüppell-Straße,wikidata,M,Q60542,way
Egenolffstraße,wikidata,M,Q74924,way
Eichendorffstraße,wikidata,M,Q77204,way
Elsheimerstraße,wikidata,M,Q310285,way
Emil-Claar-Straße,wikidata,M,Q1335952,way
Emil-Sulzbach-Straße,wikidata,M,Q1336900,way
Emil-von-Behring-Straße,wikidata,M,Q76425,way
Emmerich-Josef-Straße,wikidata,M,Q85483,way
Engelsplatz,wikidata,M,Q34787,way
Erich-Kästner-Straße,wikidata,M,Q76546,way
Erich-Ollenhauer-Ring,wikidata,M,Q62185,way
Ernst-Abbe-Straße,wikidata,M,Q76359,way
Ernst-Achilles-Platz,wikidata,M,Q1357273,way
Ernst-Balser-Straße,wikidata,M,Q1357459,way
Ernst-Heinkel-Straße,wikidata,M,Q77105,way
Ernst-Kahn-Straße,wikidata,M,Q15445252,way
Erzbergerstraße,wikidata,M,Q57755,way
Eschenbachstraße,wikidata,M,Q18821,way
Euckenstraße,wikidata,M,Q47695,way
Eugen-Blanck-Straße,wikidata,M,Q16937594,way
Eugen-Hartmann-Straße,wikidata,M,Q1372574,way
Eugen-Kaufmann-Straße,wikidata,M,Q102773,way
Ewald-Heinrich-von-Kleist-Platz,wikidata,M,Q64878,way
Eytelweinstraße,wikidata,M,Q214579,way
Fabian-von-Schlabrendorff-Straße,wikidata,M,Q60783,way
Fallerslebenstraße,wikidata,M,Q76938,way
Felix-Dahn-Straße,wikidata,M,Q61456,way
Felix-Kracht-Straße,wikidata,M,Q70745,way
Felix-Wankel-Straße,wikidata,M,Q77097,way
Fellnerstraße,wikidata,M,Q102855,way
Ferdinand-Braun-Straße,wikidata,M,Q57077,way
Ferdinand-Dirichs-Weg,wikidata,M,Q1405207,way
Ferdinand-Kramer-Straße,wikidata,M,Q97434,way
Ferdinand-Porsche-Straße,wikidata,M,Q57249,way
Ferdinand-Schrey-Weg,wikidata,M,Q89791,way
Feuerbachstraße,wikidata,M,Q61929,way
Fichardstraße,wikidata,M,Q1693437,way
Fichtestraße,wikidata,M,Q102585,way
Flaischlenstraße,wikidata,M,Q69363,way
Florianweg,wikidata,M,Q298845,way
Fontanestraße,wikidata,M,Q76632,way
François-Mitterrand-Platz,wikidata,M,Q2038,way
Franklinstraße,wikidata,M,Q34969,way
Franz-Henle-Straße,wikidata,M,Q61218,way
Franz-Kafka-Straße,wikidata,M,Q905,way
Franz-Lenbach-Straße,wikidata,M,Q585323,way
Franz-Werfel-Straße,wikidata,M,Q78514,way
Franziusplatz,wikidata,M,Q91996,way
Franziusstraße,wikidata,M,Q91996,way
Frauenlobstraße,wikidata,M,Q62702,way
Freiherr-vom-Stein-Straße,wikidata,M,Q213542,way
Freiligrathstraße,wikidata,M,Q213719,way
Freseniusstraße,wikidata,M,Q77530,way
Friedrich-Bergius-Weg,wikidata,M,Q76614,way
Friedrich-Dessauer-Straße,wikidata,M,Q78116,way
Friedrich-Ebert-Anlage,wikidata,M,Q2646,way
Friedrich-Karl-Klausing-Straße,wikidata,M,Q84350,way
Friedrich-List-Straße,wikidata,M,Q159917,way
Friedrich-Naumann-Straße,wikidata,M,Q76811,way
Friedrich-Stampfer-Straße,wikidata,M,Q1462336,way
Friedrich-Stoltze-Platz,wikidata,M,Q1462402,way
Friedrich-Wilhelm-von-Steuben-Straße,wikidata,M,Q213525,way
Fritz-Bauer-Straße,wikidata,M,Q215981,way
Fritz-Boehle-Straße,wikidata,M,Q1465764,way
Fritz-Erler-Straße,wikidata,M,Q71365,way
Fritz-Klatte-Straße,wikidata,M,Q70812,way
Fritz-Reuter-Straße,wikidata,M,Q76492,way
Fritz-Schumacher-Weg,wikidata,M,Q77353,way
Fritz-Tarnow-Straße,wikidata,M,Q99512,way
Fritz-Wichert-Ring,wikidata,M,Q15449421,way
Fröbelstraße,wikidata,M,Q76679,way
Gabelsbergerstraße,wikidata,M,Q62137,relation+way
Gagernstraße,wikidata,M,Q65230,way
Galvanistraße,wikidata,M,Q1589,way
Ganghoferstraße,wikidata,M,Q77475,way
Gauguinweg,wikidata,M,Q37693,way
Gaußstraße,wikidata,M,Q6722,way
Gebeschusstraße,wikidata,M,Q1372528,way
Geibelstraße,wikidata,M,Q77333,way
Geigerstraße,wikidata,M,Q94788858,way
Georg-Allgaier-Straße,wikidata,M,Q55680665,way
Georg-Baumgarten-Straße,wikidata,M,Q110991,way
Georg-Büchner-Straße,wikidata,M,Q154014,way
Georg-Heck-Weg,wikidata,M,Q1504613,way
Georg-Speyer-Straße,wikidata,M,Q1506053,way
Georg-Voigt-Straße,wikidata,M,Q99842,way
Georg-Wolff-Straße,wikidata,M,Q1506482,way
Gerhard-Domagk-Straße,wikidata,M,Q57192,way
Gerhart-Hauptmann-Ring,wikidata,M,Q43523,way
Gerlachstraße,wikidata,M,Q91477,way
Gerningstraße,wikidata,M,Q1608590,way
Gerstweg,wikidata,M,Q21974260,way
Gervinusstraße,wikidata,M,Q61648,way
Gleimstraße,wikidata,M,Q64364,way
Gluckstraße,wikidata,M,Q130759,way
Goetheplatz,wikidata,M,Q5879,relation+way
Goethestraße,wikidata,M,Q5879,way
Goetzstraße,wikidata,M,Q1405324,way
Görresstraße,wikidata,M,Q215730,way
Gottfried-Keller-Straße,wikidata,M,Q122370,way
Graf-de-Thoranc-Passage,wikidata,M,Q19964508,way
Graf-von-Stauffenberg-Allee,wikidata,M,Q21209,way
Gräfstraße,wikidata,M,Q1288510,way
Grillparzerstraße,wikidata,M,Q154438,way
Grotefendstraße,wikidata,M,Q57855,way
Grusonstraße,wikidata,M,Q64428,way
Guerickestraße,wikidata,M,Q60095,way
Guiollettstraße,wikidata,M,Q1679074,way
Günther-Groenhoff-Straße,wikidata,M,Q1561475,way
Güntherstraße,wikidata,M,Q64615,way
Gustav-Freytag-Straße,wikidata,M,Q58811,way
Gustav-Mahler-Straße,wikidata,M,Q7304,way
Gutenbergstraße,wikidata,M,Q8958,way
Gutzkowstraße,wikidata,M,Q76755,way
Gwinnerstraße,wikidata,M,Q2086727,way
Habelstraße,wikidata,M,Q1459410,way
Hadrianstraße,wikidata,M,Q1427,way
Haeberlinstraße,wikidata,M,Q120054,way
Haenischstraße,wikidata,M,Q88340,way
Haeussermannstraße,wikidata,M,Q55842834,way
Hagenstraße,wikidata,M,Q62726,way
Hallgartenstraße,wikidata,M,Q97738,way
Hammanstraße,wikidata,M,Q1569334,way
Hammarskjöldring,wikidata,M,Q1267,way
Händelstraße,wikidata,M,Q7302,way
Hans-Bethe-Straße,wikidata,M,Q155794,way
Hans-Böckler-Straße,wikidata,M,Q105130,way
Hans-Eick-Weg,wikidata,M,Q49229255,way
Hans-Flesch-Platz,wikidata,M,Q1311559,way
Hans-Herkommer-Ring,wikidata,M,Q1580198,way
Hans-Loskant-Weg,wikidata,M,Q1581108,way
Hans-Poelzig-Straße,wikidata,M,Q76734,way
Hans-Sachs-Straße,wikidata,M,Q19543,way
Hans-Thoma-Straße,wikidata,M,Q678094,way
Hansteinstraße,wikidata,M,Q22692208,way
Hardenbergstraße,wikidata,M,Q213645,way
Harkortstraße,wikidata,M,Q85947,way
Harry-Fuld-Straße,wikidata,M,Q1586499,way
Hartmann-Ibach-Straße,wikidata,M,Q1587291,relation+way
Hasselhorstweg,wikidata,M,Q214927,way
Hebelstraße,wikidata,M,Q62512,way
Heckerstraße,wikidata,M,Q216025,way
Hegarstraße,wikidata,M,Q670852,way
Hegelstraße,wikidata,M,Q9235,way
Heinestraße,wikidata,M,Q44403,way
Heinrich-Baldes-Straße,wikidata,M,Q94869431,way
Heinrich-Bleicher-Straße,wikidata,M,Q81081071,way
Heinrich-Hertz-Straße,wikidata,M,Q41257,way
Heinrich-Hoffmann-Straße,wikidata,M,Q215724,way
Heinrich-Hopf-Straße,wikidata,M,Q89409462,way
Heinrich-Lanz-Allee,wikidata,M,Q104281,way
Heinrich-Limpert-Weg,wikidata,M,Q72060075,way
Heinrich-Lübke-Straße,wikidata,M,Q2582,way
Heinrich-Plett-Straße,wikidata,M,Q1598501,way
Heinrich-Rößler-Straße,wikidata,M,Q1598636,way
Heinrich-Seliger-Straße,wikidata,M,Q1598872,way
Heinrich-Tessenow-Weg,wikidata,M,Q63191,way
Heinrichstraße,wikidata,M,Q60094,way
Heinz-Herbert-Karry-Straße,wikidata,M,Q113475,way
Heinz-Saalig-Weg,wikidata,M,Q1600863,way
Heisterstraße,wikidata,M,Q63829,way
Hellerhofstraße,wikidata,M,Q99915,way
Helmholtzstraße,wikidata,M,Q60024,way
Helmut-Walcha-Straße,wikidata,M,Q133677,way
Henning-von-Tresckow-Straße,wikidata,M,Q57574,way
Henry-Budge-Straße,wikidata,M,Q20980046,way
Herbartstraße,wikidata,M,Q76685,way
Herbert-Boehm-Straße,wikidata,M,Q1608077,way
Herbert-von-Meister-Straße,wikidata,M,Q1432056,way
Herderstraße,wikidata,M,Q155547,way
Hermann-Brill-Straße,wikidata,M,Q96949,way
Hermann-Mäckler-Ring,wikidata,M,Q1612188,way
Hermann-Waibel-Allee,wikidata,M,Q60803746,way
Hermann-Wendel-Straße,wikidata,M,Q77796,way
Herriotstraße,wikidata,M,Q274344,way
Herweghstraße,wikidata,M,Q57945,way
Herxheimerstraße,wikidata,M,Q2214979,way
Heusingerstraße,wikidata,M,Q86649,way
Heussenstammstraße,wikidata,M,Q1353827,way
Hölderlinstraße,wikidata,M,Q75889,way
Homolkaweg,wikidata,M,Q3037417,way
Honsellbrücke,wikidata,M,Q1912718,way
Honsellstraße,wikidata,M,Q1912718,way
Horst-Lippmann-Platz,wikidata,M,Q109789,way
Horst-Schulmann-Straße,wikidata,M,Q94906682,way
Howaldtstraße,wikidata,M,Q825274,way
Hufnagelstraße,wikidata,M,Q2572733,way
Hugo-Eckener-Ring,wikidata,M,Q61666,way
Hugo-Junkers-Straße,wikidata,M,Q60363,way
Hugo-Sinzheimer-Straße,wikidata,M,Q86043,way
Hugo-Wolf-Straße,wikidata,M,Q215747,way
Humboldtstraße,wikidata,M,Q77888,way
Humperdinckstraße,wikidata,M,Q55010,way
Humserstraße,wikidata,M,Q28858783,way
Ibellstraße,wikidata,M,Q1037962,way
Ignatz-Bubis-Brücke,wikidata,M,Q72157,way
"Im Sachsenlager",wikidata,M,Q317710,way
Immermannstraße,wikidata,M,Q213589,way
Intzestraße,wikidata,M,Q89165,way
Iselinstraße,wikidata,M,Q124818,way
Jacob-Schiff-Straße,wikidata,M,Q215801,way
Jacobystraße,wikidata,M,Q88367,way
Jahnstraße,wikidata,M,Q77098,way
Jakob-Carl-Junior-Straße,wikidata,M,Q19946273,way
Jakob-Heller-Straße,wikidata,M,Q99915,way
Jakob-Leisler-Straße,wikidata,M,Q214010,way
Jaspertstraße,wikidata,M,Q762142,way
Jean-Albert-Schwarz-Straße,wikidata,M,Q1684584,way
Jean-Monnet-Straße,wikidata,M,Q159700,way
Jean-Paul-Straße,wikidata,M,Q77079,way
Joachim-Becher-Straße,wikidata,M,Q60808,way
Johann-Beyer-Weg,wikidata,M,Q15984836,way
Johann-Georg-Elser-Straße,wikidata,M,Q77269,way
Johann-Georg-Fahr-Anlage,wikidata,M,Q55842761,way
Johannesallee,wikidata,M,Q44015,way
Jordanstraße,wikidata,M,Q71754,way
Josef-Benner-Weg,wikidata,M,Q94834202,way
Josef-Wirmer-Straße,wikidata,M,Q75415,way
Joseph-von-Fraunhofer-Straße,wikidata,M,Q43948,way
Josephskirchstraße,wikidata,M,Q128267,way
Juchostraße,wikidata,M,Q1281604,way
Jügelstraße,wikidata,M,Q1037299,way
Julius-Brecht-Straße,wikidata,M,Q1712521,way
Julius-Heyman-Straße,wikidata,M,Q15452354,way
Julius-Leber-Weg,wikidata,M,Q215630,way
Juliusstraße,wikidata,M,Q1665640,way
Jungstraße,wikidata,M,Q99787,way
Jürgen-Ponto-Platz,wikidata,M,Q61561,way
Justinianstraße,wikidata,M,Q1714267,way
Justinuskirchhof,wikidata,M,Q1714244,way
Justinuskirchstraße,wikidata,M,Q1714244,way
Justinusplatz,wikidata,M,Q1714244,way
Kaiser-Sigmund-Straße,wikidata,M,Q57124,way
Kaiserstraße,wikidata,M,Q150652,relation+way
Kallestraße,wikidata,M,Q2572625,way
Kantstraße,wikidata,M,Q9312,way
Kapitän-Lehmann-Straße,wikidata,M,Q87860,way
Karl-Albert-Straße,wikidata,M,Q76736,way
Karl-Blum-Allee,wikidata,M,Q94848353,way
Karl-Flesch-Straße,wikidata,M,Q1303842,way
Karl-Gerold-Platz,wikidata,M,Q1401628,way
Karl-Heinrich-Ulrichs-Platz,wikidata,M,Q60318,way
Karl-Kautsky-Weg,wikidata,M,Q76586,way
Karl-König-Weg,wikidata,M,Q94855207,way
Karl-Kotzenberg-Straße,wikidata,M,Q20894883,way
Karl-Lachmann-Straße,wikidata,M,Q213662,way
Karl-Marx-Straße,wikidata,M,Q9061,way
Karl-Scheele-Straße,wikidata,M,Q70538,way
Karl-Stieler-Straße,wikidata,M,Q73064,way
Karl-Wessendorft-Straße,wikidata,M,Q94917152,way
Karl-von-Drais-Straße,wikidata,M,Q77122,way
Karlsplatz,wikidata,M,Q3044,way
Karlstraße,wikidata,M,Q3044,way
Kehreinstraße,wikidata,M,Q87842,way
Kennedyallee,wikidata,M,Q9696,way
Keplerstraße,wikidata,M,Q8963,way
Kettelerallee,wikidata,M,Q626805,way
Kinkelstraße,wikidata,M,Q68325,way
Kirchnerstraße,wikidata,M,Q591060,way
Klaus-Groth-Straße,wikidata,M,Q76494,way
Klaus-Mann-Platz,wikidata,M,Q77087,way
Kleinschmidtstraße,wikidata,M,Q1413531,way
Kleiststraße,wikidata,M,Q28494,way
Kleyerstraße,wikidata,M,Q1598008,way
Klingerstraße,wikidata,M,Q213549,way
Klitscherstraße,wikidata,M,Q55673461,way
Klüberstraße,wikidata,M,Q70103,way
Knorrstraße,wikidata,M,Q97095,way
Kohlrauschweg,wikidata,M,Q61090,way
Kolpingstraße,wikidata,M,Q60619,way
Königswarterstraße,wikidata,M,Q15450782,way
Konrad-Adenauer-Straße,wikidata,M,Q2492,way
Konrad-Broßwitz-Straße,wikidata,M,Q1126671,way
Konrad-Duden-Weg,wikidata,M,Q65340,way
Konrad-Zuse-Straße,wikidata,M,Q60093,way
Konstantinstraße,wikidata,M,Q8413,way
Kopernikusstraße,wikidata,M,Q619,way
Körnerstraße,wikidata,M,Q62344,way
Kracauerstraße,wikidata,M,Q76435,way
Kreutzerstraße,wikidata,M,Q458732,way
Kreuzerhohl,wikidata,M,Q160445,way
Kriegkstraße,wikidata,M,Q214249,way
Kruppstraße,wikidata,M,Q455937,way
Kurt-Blaum-Straße,wikidata,M,Q1764115,way
Kurt-Halbritter-Anlage,wikidata,M,Q104743,way
Kurt-Schumacher-Straße,wikidata,M,Q57465,way
Ladenburgstraße,wikidata,M,Q39155221,way
Lahmeyerstraße,wikidata,M,Q2573880,way
Lamboystraße,wikidata,M,Q1553952,way
Landgraf-Philipp-Straße,wikidata,M,Q169319,way
Landgraf-Wilhelm-Straße,wikidata,M,Q696040,way
Lassallestraße,wikidata,M,Q75784,way
Laubestraße,wikidata,M,Q77470,way
Launhardtstraße,wikidata,M,Q78098,way
Launitzstraße,wikidata,M,Q290795,way
Laurentiusstraße,wikidata,M,Q17590,way
Leberecht-Migge-Anlage,wikidata,M,Q100073,way
Legienstraße,wikidata,M,Q70585,way
Leibbrandstraße,wikidata,M,Q1455456,way
Leibnizstraße,wikidata,M,Q9047,way
Lenaustraße,wikidata,M,Q84280,way
Leo-Gans-Straße,wikidata,M,Q1818563,way
Leo-Tolstoj-Straße,wikidata,M,Q7243,way
Leonardo-da-Vinci-Allee,wikidata,M,Q762,way
Leonhard-Heißwolf-Straße,wikidata,M,Q1819217,way
Leopold-Ehrmann-Straße,wikidata,M,Q12032975,way
Lepsiusstraße,wikidata,M,Q825538,way
Lessingstraße,wikidata,M,Q34628,way
Liebigstraße,wikidata,M,Q16571,way
Liebknechtstraße,wikidata,M,Q20127,way
Liliencronstraße,wikidata,M,Q21119,way
Lilienthalallee,wikidata,M,Q57162,way
Lindleystraße,wikidata,M,Q567495,way
Linnestraße,wikidata,M,Q1043,way
Loënstraße,wikidata,M,Q1695600,way
Lönsweg,wikidata,M,Q77486,way
Lortzingstraße,wikidata,M,Q154203,way
Lotzstraße,wikidata,M,Q2573986,way
Louis-Appia-Passage,wikidata,M,Q116822,way
Louis-Pasteur-Straße,wikidata,M,Q529,way
Lucaestraße,wikidata,M,Q15205059,way
Luciusstraße,wikidata,M,Q980344,way
Ludolfusstraße,wikidata,M,Q66475,way
Ludwig-Erhard-Anlage,wikidata,M,Q2496,way
Ludwig-Fulda-Weg,wikidata,M,Q72283,way
Ludwig-Gehm-Weg,wikidata,M,Q1615515,way
Ludwig-Landmann-Straße,wikidata,M,Q84856,way
Ludwig-Quidde-Straße,wikidata,M,Q76696,way
Ludwig-Rehn-Straße,wikidata,M,Q73609,way
Ludwig-Richter-Straße,wikidata,M,Q551896,way
Ludwig-Scriba-Straße,wikidata,M,Q21387894,way
Ludwig-Tieck-Straße,wikidata,M,Q57239,way
Ludwig-Zamenhof-Weg,wikidata,M,Q11758,way
Ludwigstraße,wikidata,M,Q152463,way
Luthmerstraße,wikidata,M,Q1169939,way
Malßstraße,wikidata,M,Q1039634,way
Manskopfstraße,wikidata,M,Q1461288,way
Mark-Aurel-Straße,wikidata,M,Q1430,way
Marschnerstraße,wikidata,M,Q160063,way
Mart-Stam-Straße,wikidata,M,Q708333,way
Martin-Elsässer-Weg,wikidata,M,Q75184,way
Martin-Luther-Platz,wikidata,M,Q9554,relation
Martin-Luther-Straße,wikidata,M,Q9554,way
Martin-May-Straße,wikidata,M,Q94779661,way
Martin-Niemöller-Straße,wikidata,M,Q153839,way
Martin-Weber-Platz,wikidata,M,Q108629,way
Martinskirchstraße,wikidata,M,Q133704,way
Matisseweg,wikidata,M,Q5589,way
Matthias-Beltz-Platz,wikidata,M,Q1909716,way
Matthias-Claudius-Straße,wikidata,M,Q77338,way
Mauritiusstraße,wikidata,M,Q316599,way
Max-Beckmann-Straße,wikidata,M,Q164683,way
Max-Bock-Straße,wikidata,M,Q1912269,way
Max-Born-Straße,wikidata,M,Q58978,way
Max-Bromme-Steig,wikidata,M,Q1912307,way
Max-Eyth-Straße,wikidata,M,Q78267,way
Max-Hirsch-Straße,wikidata,M,Q91836,way
Max-Horkheimer-Straße,wikidata,M,Q76826,way
Max-Kirschner-Weg,wikidata,M,Q94381265,way
Max-Leichter-Weg,wikidata,M,Q1912941,way
Max-Planck-Straße,wikidata,M,Q9021,way
Max-Pruss-Straße,wikidata,M,Q109994,way
Max-Quarck-Straße,wikidata,M,Q1913246,way
Max-Reger-Straße,wikidata,M,Q57139,way
Max-von-Laue-Straße,wikidata,M,Q57067,way
Max-von-Pettenkofer-Weg,wikidata,M,Q44993,way
Maximilianstraße,wikidata,M,Q150726,way
Maybachbrücke,wikidata,M,Q70100,way
Maybachstraße,wikidata,M,Q70100,way
Melchiorstraße,wikidata,M,Q1695799,way
Mendelssohnstraße,wikidata,M,Q46096,way
Mercatorstraße,wikidata,M,Q6353,way
Mergenthalerstraße,wikidata,M,Q213701,way
Merianplatz,wikidata,M,Q57968,relation+way
Merianstraße,wikidata,M,Q57968,way
Messelweg,wikidata,M,Q73131,way
Metzlerstraße,wikidata,M,Q817620,way
Mierendorffstraße,wikidata,M,Q1042305,way
Miquelallee,wikidata,M,Q63882,way
Monetweg,wikidata,M,Q296,way
Morgensternstraße,wikidata,M,Q1695336,way
Mörikestraße,wikidata,M,Q63699,way
Morsestraße,wikidata,M,Q75698,way
Motzstraße,wikidata,M,Q1463898,way
Mousonstraße,wikidata,M,Q761310,way
Muckermannstraße,wikidata,M,Q975223,way
Müllerstraße,wikidata,M,Q72060185,way
Mumm-von-Schwarzenstein-Straße,wikidata,M,Q102860,way
Myliusstraße,wikidata,M,Q3725942,way
Nansenring,wikidata,M,Q72292,way
Nebeniusstraße,wikidata,M,Q214591,way
Nell-Breuning-Straße,wikidata,M,Q76702,way
Nesenstraße,wikidata,M,Q2574314,way
Nikolausstraße,wikidata,M,Q44269,way
Nobelring,wikidata,M,Q23810,way
Nordheimstraße,wikidata,M,Q55899703,way
Odrellstraße,wikidata,M,Q72060230,way
Oeserstraße,wikidata,M,Q95909,way
Ohmstraße,wikidata,M,Q1585,way
Olbrichstraße,wikidata,M,Q44911,way
Olof-Palme-Straße,wikidata,M,Q53713,way
Orthstraße,wikidata,M,Q31866852,way
Oskar-Schindler-Straße,wikidata,M,Q60029,way
Oskar-Sommer-Straße,wikidata,M,Q1704033,way
Oskar-von-Miller-Straße,wikidata,M,Q76456,way
Ossietzkystraße,wikidata,M,Q76358,way
Oswaltstraße,wikidata,M,Q55676420,way
Otto-Brenner-Straße,wikidata,M,Q2038352,way
Otto-Ernst-Weg,wikidata,M,Q94794619,way
Otto-Fleck-Schneise,wikidata,M,Q47532212,way
Otto-Loewe-Straße,wikidata,M,Q1408154,way
Otto-Meßmer-Straße,wikidata,M,Q94784812,way
Otto-Schott-Straße,wikidata,M,Q72357,way
Ottostraße,wikidata,M,Q43915,way
Overbergstraße,wikidata,M,Q107758,way
Palmstraße,wikidata,M,Q67162,way
Paquetstraße,wikidata,M,Q98701,way
Paradiesgasse,wikidata,M,Q2283914,way
Paradiesplatz,wikidata,M,Q2283914,way
Parsevalstraße,wikidata,M,Q86573,way
Passavantstraße,wikidata,M,Q73347,way
Paul-Apel-Straße,wikidata,M,Q1648771,way
Paul-Arnsberg-Platz,wikidata,M,Q2058741,way
Paul-Ehrlich-Straße,wikidata,M,Q57089,way
Paul-Gerhardt-Ring,wikidata,M,Q76331,way
Paul-Heyse-Straße,wikidata,M,Q76487,way
Paul-Kornfeld-Weg,wikidata,M,Q102799,way
Paul-Tillich-Straße,wikidata,M,Q60104,way
Paulistraße,wikidata,M,Q18026925,way
Paulsplatz,wikidata,M,Q9200,relation+way
Pestalozziplatz,wikidata,M,Q105428,way
Pestalozzistraße,wikidata,M,Q105428,way
Peter-Behrens-Straße,wikidata,M,Q76726,way
Peter-Bied-Straße,wikidata,M,Q105069427,way
Peter-Böhler-Straße,wikidata,M,Q7173116,way
Peter-Zenger-Straße,wikidata,M,Q215838,way
Petterweilstraße,wikidata,M,Q804757,relation+way
Pfarrer-Perabo-Platz,wikidata,M,Q60835797,relation
Pfungststraße,wikidata,M,Q710962,way
Philipp-Holzmann-Weg,wikidata,M,Q1112030,way
Philipp-Reis-Straße,wikidata,M,Q77124,way
Pissarroweg,wikidata,M,Q134741,way
Platenstraße,wikidata,M,Q62432,way
Plieningerstraße,wikidata,M,Q21559224,way
Prießnitzstraße,wikidata,M,Q113077,way
Propst-Goebels-Weg,wikidata,M,Q1545313,way
Pützerstraße,wikidata,M,Q1449787,way
Raabestraße,wikidata,M,Q60647,way
Raiffeisenstraße,wikidata,M,Q45141,way
Raimundstraße,wikidata,M,Q45025,way
Rat-Beil-Straße,wikidata,M,Q1692218,way
Rathenauplatz,wikidata,M,Q135645,relation+way
Ravensteinstraße,wikidata,M,Q1458237,way
Reinganumstraße,wikidata,M,Q1318777,way
Rembrandtstraße,wikidata,M,Q5598,way
Renoirallee,wikidata,M,Q39931,way
Rethelstraße,wikidata,M,Q67036,way
Richard-Biringer-Weg,wikidata,M,Q2149080,way
Richard-Breitenfeld-Straße,wikidata,M,Q88753,way
Richard-Herrmann-Platz,wikidata,M,Q708145,way
Richard-Strauss-Allee,wikidata,M,Q13894,way
Richard-Wagner-Straße,wikidata,M,Q1511,way
Richard-Weidlich-Platz,wikidata,M,Q94843579,way
Rilkestraße,wikidata,M,Q76483,way
Ringelnatzgässchen,wikidata,M,Q552038,way
Robert-Blum-Straße,wikidata,M,Q214977,way
Robert-Bosch-Straße,wikidata,M,Q71032,way
Robert-Bunsen-Straße,wikidata,M,Q71031,way
Robert-Dißmann-Straße,wikidata,M,Q2156890,way
Robert-Gernhardt-Brücke,wikidata,M,Q70300,way
Robert-Koch-Allee,wikidata,M,Q37193,way
Robert-Mayer-Straße,wikidata,M,Q57171,way
Rodbertusstraße,wikidata,M,Q63695,way
Röntgenstraße,wikidata,M,Q35149,way
Roseggerstraße,wikidata,M,Q93841,way
Rothschildallee,wikidata,M,Q76988,way
Rotteckstraße,wikidata,M,Q213943,way
Rubensstraße,wikidata,M,Q5599,way
Rückertstraße,wikidata,M,Q60644,way
Rudolf-Breitscheid-Straße,wikidata,M,Q70890,way
Rudolf-Hilferding-Straße,wikidata,M,Q57848,way
Rudolf-Presber-Straße,wikidata,M,Q1593671,way
Rudolf-Schwarz-Platz,wikidata,M,Q97133,relation+way
Rudolfstraße,wikidata,M,Q76956,way
Rümelinstraße,wikidata,M,Q368434,way
Ruprechtstraße,wikidata,M,Q57326,way
Russingerstraße,wikidata,M,Q55914932,way
Sauerstraße,wikidata,M,Q19278903,way
Savignystraße,wikidata,M,Q76892,way
Schadowstraße,wikidata,M,Q550815,way
Schäfflestraße,wikidata,M,Q70650,way
Scheffelstraße,wikidata,M,Q9082,way
Schellenbergstraße,wikidata,M,Q21544305,way
Schellingstraße,wikidata,M,Q60070,way
Schenckstraße,wikidata,M,Q1539094,way
Schenkendorfstraße,wikidata,M,Q71616,way
Schillerstraße,wikidata,M,Q22670,relation+way
Schleidenstraße,wikidata,M,Q76747,way
Schlettweinstraße,wikidata,M,Q1692462,way
Schlickstraße,wikidata,M,Q1735093,way
Schliephakestraße,wikidata,M,Q27329688,way
Schmickbrücke,wikidata,M,Q2078127,way
Schmickstraße,wikidata,M,Q2078127,way
Schönstraße,wikidata,M,Q214012,way
Schönwetterstraße,wikidata,M,Q17310130,way
Schreberweg,wikidata,M,Q153160,way
Schreyerstraße,wikidata,M,Q364184,way
Schulze-Delitzsch-Straße,wikidata,M,Q215961,way
Schwarzburgstraße,wikidata,M,Q64615,way
Schwedlerbrücke,wikidata,M,Q99362,way
Schwedlerstraße,wikidata,M,Q99362,way
Schwedlerweg,wikidata,M,Q99362,way
Sebastian-Kneipp-Straße,wikidata,M,Q45075,way
Sebastian-Rinz-Straße,wikidata,M,Q2263045,way
Senckenberganlage,wikidata,M,Q98077,way
Senefelderweg,wikidata,M,Q161048,way
Seumestraße,wikidata,M,Q77451,way
Severusstraße,wikidata,M,Q1442,way
Siemensstraße,wikidata,M,Q58577,way
Siesmayerstraße,wikidata,M,Q75994,way
Sigmund-Freud-Straße,wikidata,M,Q9215,way
Silcherstraße,wikidata,M,Q700090,way
Simsonstraße,wikidata,M,Q64856,way
Siolistraße,wikidata,M,Q119260,way
Sömmerringstraße,wikidata,M,Q132197,way
Sonnemannstraße,wikidata,M,Q216389,way
Souchaystraße,wikidata,M,Q1289999,way
Spenerstraße,wikidata,M,Q311231,way
Spielmannstraße,wikidata,M,Q1081948,way
Spohrstraße,wikidata,M,Q57226,way
Städelstraße,wikidata,M,Q109963,way
Stalburgstraße,wikidata,M,Q1098828,way
Stefan-Zweig-Straße,wikidata,M,Q78491,way
Stegerwaldstraße,wikidata,M,Q63434,way
Steinhausenstraße,wikidata,M,Q1691774,way
Steinlestraße,wikidata,M,Q85077,way
Steinmetzstraße,wikidata,M,Q1448265,way
Stephan-Heise-Straße,wikidata,M,Q57773616,way
Stephanstraße,wikidata,M,Q215482,way
Stephensonstraße,wikidata,M,Q133614,way
Stoltzestraße,wikidata,M,Q1462402,way
Stresemannallee,wikidata,M,Q103955,way
Stroofstraße,wikidata,M,Q1576540,way
Strubbergstraße,wikidata,M,Q108294869,way
Tacitusstraße,wikidata,M,Q2161,way
Telemannstraße,wikidata,M,Q75854,way
Tevesstraße,wikidata,M,Q1479849,way
Textorstraße,wikidata,M,Q104106,way
Theobald-Christ-Straße,wikidata,M,Q998394,way
Theobald-Ziegler-Straße,wikidata,M,Q91527,way
Theodor-Fischer-Weg,wikidata,M,Q61259,way
Theodor-Haubach-Weg,wikidata,M,Q107855,way
Theodor-Heuss-Allee,wikidata,M,Q2594,way
Theodor-Neubürger-Straße,wikidata,M,Q72060206,way
Theodor-Stern-Kai,wikidata,M,Q2418346,way
Theodor-Storm-Straße,wikidata,M,Q26993,way
Theodor-Thomas-Straße,wikidata,M,Q2418376,way
Theodor-W.-Adorno-Platz,wikidata,M,Q152388,relation
Thielenstraße,wikidata,M,Q98715,way
Thorwaldsenplatz,wikidata,M,Q47812,way
Thorwaldsenstraße,wikidata,M,Q47812,way
Thudichumstraße,wikidata,M,Q15832935,way
Tiberiusstraße,wikidata,M,Q1407,way
Tillystraße,wikidata,M,Q155534,way
Tischbeinstraße,wikidata,M,Q896346,way
Tituscorso,wikidata,M,Q1421,way
Titusstraße,wikidata,M,Q1421,way
Trajanstraße,wikidata,M,Q1425,way
Tucholskystraße,wikidata,M,Q57386,way
Uhlandstraße,wikidata,M,Q61058,way
Uhlfelderstraße,wikidata,M,Q15428534,way
Ursinusstraße,wikidata,M,Q78394,way
Valentin-Senger-Straße,wikidata,M,Q122319,way
Varrentrappstraße,wikidata,M,Q216596,way
Vatterstraße,wikidata,M,Q94902447,way
Victor-Gollancz-Weg,wikidata,M,Q574400,way
Vogtstraße,wikidata,M,Q103942,way
Volgersbrunnenweg,wikidata,M,Q97525,way
Voltastraße,wikidata,M,Q680,way
Waitzstraße,wikidata,M,Q66936,way
Waldfriedstraße,wikidata,M,Q712254;Q1041465,way
Waldschmidtstraße,wikidata,M,Q15821335,way
Walter-Gropius-Straße,wikidata,M,Q61071,way
Walter-Hesselbach-Straße,wikidata,M,Q1310436,way
Walter-Kolb-Straße,wikidata,M,Q2545117,way
Walter-Leiske-Straße,wikidata,M,Q1770830,way
Walter-Möller-Platz,wikidata,M,Q1440251,way
Walter-Schwagenscheidt-Platz,wikidata,M,Q1639547,way
Walter-vom-Rath-Straße,wikidata,M,Q2547520,way
Walther-Nernst-Straße,wikidata,M,Q57125,way
Walther-von-Cronberg-Platz,wikidata,M,Q698426,relation+way
Weberstraße,wikidata,M,Q154812,way
Weismüllerstraße,wikidata,M,Q15808046,way
Wendelsweg,wikidata,M,Q389586,way
Werner-Bockelmann-Straße,wikidata,M,Q2560878,way
Werner-von-Ursel-Platz,wikidata,M,Q240032,way
Wichernstraße,wikidata,M,Q73048,way
Wicker-Frosch-Straße,wikidata,M,Q996358,way
Wielandstraße,wikidata,M,Q154010,way
Wildenbruchstraße,wikidata,M,Q45337,way
Wilhelm-Beer-Weg,wikidata,M,Q2571704,way
Wilhelm-Busch-Straße,wikidata,M,Q109540,way
Wilhelm-Epstein-Straße,wikidata,M,Q94760522,way
Wilhelm-Fay-Straße,wikidata,M,Q2572609,way
Wilhelm-Gutbrod-Straße,wikidata,M,Q1284419,way
Wilhelm-Hauff-Straße,wikidata,M,Q57966,way
Wilhelm-Kobelt-Straße,wikidata,M,Q76224,way
Wilhelm-Leuschner-Straße,wikidata,M,Q213868,way
Wilhelm-Roser-Weg,wikidata,M,Q94804821,way
Wilhelm-Schickard-Straße,wikidata,M,Q57403,way
Willmannstraße,wikidata,M,Q100288,way
Willy-Berking-Straße,wikidata,M,Q879135,way
Willy-Brandt-Platz,wikidata,M,Q2514,relation+way
Wim-Duisenberg-Platz,wikidata,M,Q159844,way
Windthorststraße,wikidata,M,Q533645,way
Wöhlerstraße,wikidata,M,Q760821,way
Wolf-Heidenheim-Straße,wikidata,M,Q96519,way
Wolfgang-Bangert-Straße,wikidata,M,Q16937579,way
Wurmbachstraße,wikidata,M,Q1665640,way
Zelterstraße,wikidata,M,Q58857,way
Zeppelinallee,wikidata,M,Q75780,way
Zillestraße,wikidata,M,Q498211,way
Zinzendorfweg,wikidata,M,Q76336,way
Zobelstraße,wikidata,M,Q104883023,way
